{
  "project_info": {
    "project_number": "307141306195",
    "project_id": "othello-1b590",
    "storage_bucket": "othello-1b590.appspot.com"
  },
  "client": [
    {
      "client_info": {
        "mobilesdk_app_id": "1:307141306195:android:32756882ca6ac5ba2d63a6",
        "android_client_info": {
          "package_name": "com.example.othelllo"
        }
      },
      "oauth_client": [
        {
          "client_id": "307141306195-60ku80m0d5jbro11flr3a42jgbn104g4.apps.googleusercontent.com",
          "client_type": 3
        }
      ],
      "api_key": [
        {
          "current_key": "AIzaSyB7WNUzIpI-8Nfi8tJmV67xWaSW6Bqd4EU"
        }
      ],
      "services": {
        "appinvite_service": {
          "other_platform_oauth_client": [
            {
              "client_id": "307141306195-60ku80m0d5jbro11flr3a42jgbn104g4.apps.googleusercontent.com",
              "client_type": 3
            }
          ]
        }
      }
    }
  ],
  "configuration_version": "1"
}